{
    "residential": {
        "width": 0.009742785791666838,
        "coords": [
            [
                114.050192379,
                30.445043311642856
            ],
            [
                114.050192379,
                30.48494233918571
            ],
            [
                114.050192379,
                30.52484136672857
            ],
            [
                114.050192379,
                30.56474039427143
            ],
            [
                114.050192379,
                30.604639421814287
            ],
            [
                114.284019238,
                30.445043311642856
            ],
            [
                114.284019238,
                30.48494233918571
            ],
            [
                114.284019238,
                30.52484136672857
            ],
            [
                114.284019238,
                30.56474039427143
            ],
            [
                114.284019238,
                30.604639421814287
            ],
            [
                114.06967795058333,
                30.405144284099997
            ],
            [
                114.08916352216666,
                30.405144284099997
            ],
            [
                114.10864909374999,
                30.405144284099997
            ],
            [
                114.12813466533333,
                30.405144284099997
            ],
            [
                114.14762023691667,
                30.405144284099997
            ],
            [
                114.1671058085,
                30.405144284099997
            ],
            [
                114.18659138008333,
                30.405144284099997
            ],
            [
                114.20607695166666,
                30.405144284099997
            ],
            [
                114.22556252325,
                30.405144284099997
            ],
            [
                114.24504809483334,
                30.405144284099997
            ],
            [
                114.06967795058333,
                30.6844374769
            ],
            [
                114.08916352216666,
                30.6844374769
            ],
            [
                114.10864909374999,
                30.6844374769
            ],
            [
                114.12813466533333,
                30.6844374769
            ],
            [
                114.14762023691667,
                30.6844374769
            ],
            [
                114.1671058085,
                30.6844374769
            ],
            [
                114.18659138008333,
                30.6844374769
            ],
            [
                114.20607695166666,
                30.6844374769
            ],
            [
                114.22556252325,
                30.6844374769
            ],
            [
                114.24504809483334,
                30.6844374769
            ]
        ]
    },
    "working": {
        "width": 0.029228357375000513,
        "coords": [
            [
                114.10864909374999,
                30.49824201503333
            ],
            [
                114.10864909374999,
                30.591339745966668
            ],
            [
                114.22556252325,
                30.49824201503333
            ],
            [
                114.22556252325,
                30.591339745966668
            ]
        ]
    },
    "commercial": {
        "width": 0.029228357375000513,
        "coords": [
            [
                114.1671058085,
                30.49824201503333
            ],
            [
                114.1671058085,
                30.591339745966668
            ]
        ]
    },
    "isolation": {
        "width": 0.029228357375000513,
        "coords": [
            [
                113.99173566425,
                30.591339745966668
            ]
        ]
    },
    "hospital": {
        "width": 0.029228357375000513,
        "coords": [
            [
                113.99173566425,
                30.49824201503333
            ]
        ]
    }
}